ID,SET1,SET2,INTERSECTION
0,"[11, 60, 1, 49, 21, 33, 14, 56, 54, 15, 23, 40, 45, 22, 7, 28, 20, 46, 51, 6, 34, 37, 3, 50, 17, 8, 25, 0, 35, 47, 18, 19]","[31, 11, 4, 63, 38, 58, 59, 24, 61, 14, 32, 39, 27, 46, 48, 19, 52, 57, 50, 56, 3, 2, 53, 29, 5, 37, 62, 41, 36, 12, 49, 16]","[3, 11, 14, 19, 37, 46, 49, 50, 56]"
1,"[28, 58, 36, 18, 37, 31, 44, 39, 34, 51, 12, 56, 21, 27, 7, 24, 46, 1, 25, 2, 41, 6, 45, 29, 49, 42, 35, 30, 54, 55, 10, 50]","[4, 16, 28, 46, 49, 21, 58, 30, 19, 1, 37, 15, 3, 59, 51, 24, 10, 12, 34, 20, 40, 44, 35, 23, 36, 0, 43, 54, 2, 31, 57, 41]","[1, 2, 10, 12, 21, 24, 28, 30, 31, 34, 35, 36, 37, 41, 44, 46, 49, 51, 54, 58]"
2,"[32, 24, 17, 27, 51, 19, 50, 59, 8, 18, 41, 36, 43, 39, 49, 4, 5, 31, 30, 60, 48, 61, 10, 16, 47, 58, 9, 54, 40, 37, 1, 11]","[44, 27, 33, 46, 51, 17, 28, 18, 4, 23, 32, 49, 58, 1, 20, 40, 39, 52, 30, 55, 26, 19, 63, 31, 57, 13, 47, 61, 10, 6, 38, 41]","[1, 4, 10, 17, 18, 19, 27, 30, 31, 32, 39, 40, 41, 47, 49, 51, 58, 61]"
3,"[22, 38, 13, 31, 63, 6, 59, 17, 27, 20, 21, 42, 24, 4, 25, 15, 28, 29, 19, 49, 40, 30, 34, 0, 53, 23, 12, 62, 36, 51, 39, 45]","[21, 29, 30, 28, 31, 55, 2, 22, 19, 4, 46, 32, 37, 43, 23, 15, 58, 56, 11, 50, 48, 54, 41, 45, 51, 7, 42, 38, 18, 9, 6, 1]","[4, 6, 15, 19, 21, 22, 23, 28, 29, 30, 31, 38, 42, 45, 51]"
4,"[4, 26, 48, 7, 42, 60, 31, 36, 25, 20, 14, 50, 21, 30, 12, 10, 23, 8, 39, 13, 46, 32, 11, 34, 6, 2, 57, 0, 17, 33, 18, 24]","[1, 37, 48, 28, 39, 58, 53, 10, 6, 50, 17, 9, 51, 56, 38, 52, 8, 30, 46, 62, 5, 24, 61, 22, 57, 14, 44, 11, 47, 35, 63, 36]","[6, 8, 10, 11, 14, 17, 24, 30, 36, 39, 46, 48, 50, 57]"
5,"[48, 50, 19, 59, 57, 63, 49, 61, 14, 11, 29, 39, 4, 17, 21, 12, 3, 35, 23, 2, 58, 60, 38, 43, 28, 47, 5, 44, 15, 55, 8, 26]","[50, 12, 30, 23, 11, 61, 17, 58, 19, 55, 62, 43, 33, 2, 37, 21, 56, 4, 15, 24, 38, 45, 1, 28, 59, 48, 35, 6, 47, 8, 27, 22]","[2, 4, 8, 11, 12, 15, 17, 19, 21, 23, 28, 35, 38, 43, 47, 48, 50, 55, 58, 59, 61]"
6,"[34, 2, 12, 54, 13, 41, 57, 42, 21, 59, 26, 10, 6, 35, 27, 16, 1, 44, 8, 11, 14, 7, 62, 20, 30, 19, 32, 9, 43, 39, 22, 24]","[18, 41, 49, 56, 1, 3, 45, 36, 17, 34, 50, 46, 29, 30, 61, 32, 14, 52, 24, 51, 5, 25, 31, 55, 37, 0, 23, 40, 28, 20, 22, 63]","[1, 14, 20, 22, 24, 30, 32, 34, 41]"
7,"[49, 61, 9, 23, 27, 21, 47, 37, 54, 32, 18, 14, 22, 13, 62, 46, 0, 26, 4, 11, 60, 34, 25, 50, 6, 51, 59, 8, 35, 41, 29, 17]","[33, 21, 49, 54, 6, 27, 3, 47, 4, 20, 43, 41, 8, 24, 0, 57, 28, 35, 15, 17, 46, 23, 13, 9, 45, 31, 22, 12, 5, 29, 50, 7]","[0, 4, 6, 8, 9, 13, 17, 21, 22, 23, 27, 29, 35, 41, 46, 47, 49, 50, 54]"
8,"[55, 59, 60, 13, 41, 15, 38, 52, 35, 5, 9, 61, 57, 34, 47, 22, 21, 1, 27, 11, 36, 2, 6, 58, 62, 51, 23, 50, 8, 39, 28, 54]","[37, 14, 4, 55, 50, 17, 8, 19, 10, 44, 0, 31, 27, 53, 39, 35, 30, 5, 62, 24, 26, 29, 54, 45, 40, 3, 43, 11, 12, 25, 41, 42]","[5, 8, 11, 27, 35, 39, 41, 50, 54, 55, 62]"
9,"[20, 12, 52, 56, 36, 51, 59, 40, 55, 33, 41, 38, 28, 45, 13, 2, 43, 27, 35, 7, 9, 0, 10, 37, 29, 15, 14, 49, 17, 63, 25, 32]","[11, 13, 19, 6, 21, 54, 36, 14, 58, 26, 2, 39, 53, 22, 50, 51, 24, 16, 5, 17, 1, 60, 57, 23, 35, 33, 42, 18, 61, 29, 47, 8]","[2, 13, 14, 17, 29, 33, 35, 36, 51]"
10,"[24, 21, 51, 37, 54, 22, 18, 38, 14, 30, 48, 49, 28, 47, 10, 44, 58, 29, 3, 45, 26, 15, 9, 6, 33, 2, 34, 17, 20, 25, 0, 1]","[3, 0, 20, 1, 24, 45, 25, 52, 13, 43, 38, 15, 22, 53, 27, 8, 42, 40, 59, 32, 21, 60, 30, 46, 51, 47, 14, 50, 5, 62, 57, 28]","[0, 1, 3, 14, 15, 20, 21, 22, 24, 25, 28, 30, 38, 45, 47, 51]"
11,"[58, 52, 51, 15, 42, 26, 19, 30, 28, 6, 40, 11, 25, 53, 18, 47, 21, 12, 41, 45, 43, 7, 35, 48, 27, 3, 32, 2, 4, 62, 17, 29]","[41, 4, 0, 35, 25, 29, 14, 62, 45, 2, 37, 11, 15, 8, 30, 39, 58, 19, 56, 42, 17, 51, 24, 28, 44, 27, 13, 18, 26, 47, 53, 43]","[2, 4, 11, 15, 17, 18, 19, 25, 26, 27, 28, 29, 30, 35, 41, 42, 43, 45, 47, 51, 53, 58, 62]"
12,"[8, 17, 23, 38, 24, 47, 61, 3, 46, 43, 58, 39, 27, 21, 26, 14, 62, 1, 15, 19, 37, 53, 55, 6, 51, 57, 52, 25, 16, 22, 33, 54]","[2, 18, 15, 17, 23, 45, 14, 36, 53, 7, 27, 32, 31, 21, 8, 38, 16, 61, 6, 58, 3, 39, 49, 19, 22, 42, 0, 12, 30, 60, 26, 46]","[3, 6, 8, 14, 15, 16, 17, 19, 21, 22, 23, 26, 27, 38, 39, 46, 53, 58, 61]"
13,"[58, 10, 28, 52, 51, 48, 49, 13, 53, 25, 55, 6, 4, 15, 30, 56, 54, 41, 38, 42, 21, 33, 44, 18, 37, 43, 31, 20, 3, 2, 50, 0]","[54, 3, 32, 44, 26, 49, 0, 9, 35, 51, 25, 33, 62, 55, 47, 2, 29, 11, 42, 18, 4, 23, 31, 41, 20, 7, 58, 52, 13, 36, 5, 53]","[0, 2, 3, 4, 13, 18, 20, 25, 31, 33, 41, 42, 44, 49, 51, 52, 53, 54, 55, 58]"
14,"[12, 18, 22, 38, 6, 23, 54, 37, 40, 44, 19, 46, 35, 47, 7, 10, 16, 24, 4, 42, 31, 30, 0, 63, 25, 57, 39, 51, 3, 60, 49, 28]","[40, 6, 12, 18, 19, 34, 17, 47, 4, 29, 53, 3, 15, 7, 37, 1, 59, 42, 33, 35, 52, 16, 61, 13, 9, 51, 32, 60, 24, 54, 38, 46]","[3, 4, 6, 7, 12, 16, 18, 19, 24, 35, 37, 38, 40, 42, 46, 47, 51, 54, 60]"
15,"[61, 62, 10, 53, 17, 20, 28, 54, 55, 59, 4, 1, 11, 34, 5, 35, 56, 38, 60, 29, 43, 42, 63, 50, 24, 40, 47, 52, 16, 39, 31, 19]","[60, 24, 50, 45, 23, 18, 20, 31, 29, 35, 43, 44, 59, 41, 51, 46, 16, 63, 38, 3, 42, 25, 4, 17, 5, 9, 61, 7, 27, 54, 19, 39]","[4, 5, 16, 17, 19, 20, 24, 29, 31, 35, 38, 39, 42, 43, 50, 54, 59, 60, 61, 63]"
16,"[12, 2, 21, 59, 49, 30, 31, 14, 23, 39, 5, 15, 4, 19, 27, 43, 6, 34, 0, 22, 16, 60, 17, 48, 40, 9, 56, 1, 63, 8, 45, 51]","[40, 4, 38, 7, 1, 47, 44, 16, 58, 11, 25, 35, 3, 51, 26, 10, 41, 60, 46, 6, 34, 19, 2, 61, 21, 31, 8, 22, 12, 53, 15, 50]","[1, 2, 4, 6, 8, 12, 15, 16, 19, 21, 22, 31, 34, 40, 51, 60]"
17,"[26, 8, 53, 37, 45, 60, 32, 44, 19, 39, 36, 16, 25, 9, 6, 50, 38, 47, 30, 63, 42, 52, 57, 10, 7, 27, 14, 1, 41, 58, 59, 62]","[28, 12, 29, 21, 63, 34, 17, 49, 56, 4, 15, 39, 1, 46, 22, 62, 9, 43, 0, 50, 23, 54, 44, 31, 5, 51, 11, 37, 8, 61, 13, 42]","[1, 8, 9, 37, 39, 42, 44, 50, 62, 63]"
18,"[9, 58, 28, 53, 3, 18, 45, 33, 11, 5, 2, 47, 4, 59, 38, 30, 61, 15, 21, 48, 41, 25, 26, 13, 60, 23, 6, 55, 17, 36, 62, 10]","[43, 15, 16, 10, 33, 5, 13, 62, 41, 53, 0, 32, 54, 23, 26, 19, 25, 9, 37, 49, 38, 21, 28, 27, 40, 45, 4, 61, 29, 3, 55, 18]","[3, 4, 5, 9, 10, 13, 15, 18, 21, 23, 25, 26, 28, 33, 38, 41, 45, 53, 55, 61, 62]"
19,"[26, 63, 42, 19, 6, 62, 39, 14, 24, 17, 44, 31, 8, 7, 10, 16, 1, 56, 45, 43, 50, 57, 54, 51, 58, 59, 5, 37, 3, 21, 13, 30]","[60, 3, 1, 34, 17, 55, 50, 21, 0, 46, 62, 59, 47, 36, 15, 22, 19, 5, 2, 38, 58, 12, 32, 27, 28, 18, 24, 31, 26, 63, 51, 53]","[1, 3, 5, 17, 19, 21, 24, 26, 31, 50, 51, 58, 59, 62, 63]"
20,"[30, 31, 28, 56, 54, 29, 61, 18, 1, 46, 34, 5, 15, 63, 26, 45, 4, 47, 40, 21, 3, 9, 2, 27, 7, 6, 24, 19, 42, 11, 35, 41]","[57, 5, 54, 42, 41, 31, 12, 13, 9, 34, 21, 23, 7, 48, 22, 29, 19, 14, 0, 43, 3, 27, 26, 4, 16, 25, 53, 51, 10, 11, 52, 20]","[3, 4, 5, 7, 9, 11, 19, 21, 26, 27, 29, 31, 34, 41, 42, 54]"
21,"[9, 12, 51, 48, 23, 6, 50, 14, 53, 15, 58, 44, 32, 59, 24, 42, 27, 41, 29, 10, 45, 34, 0, 46, 3, 36, 25, 16, 13, 63, 49, 52]","[16, 15, 51, 37, 20, 27, 47, 36, 45, 59, 0, 41, 40, 2, 28, 31, 17, 1, 21, 22, 5, 58, 18, 57, 34, 39, 54, 9, 53, 33, 60, 19]","[0, 9, 15, 16, 27, 34, 36, 41, 45, 51, 53, 58, 59]"
22,"[57, 44, 59, 3, 16, 5, 17, 6, 52, 0, 18, 40, 47, 11, 45, 14, 1, 49, 30, 55, 27, 12, 50, 10, 7, 39, 46, 22, 23, 38, 34, 41]","[44, 48, 9, 58, 28, 40, 4, 56, 49, 19, 53, 42, 47, 35, 25, 34, 29, 43, 33, 32, 6, 55, 37, 26, 20, 11, 2, 27, 31, 62, 54, 39]","[6, 11, 27, 34, 39, 40, 44, 47, 49, 55]"
23,"[32, 25, 2, 13, 11, 23, 54, 49, 9, 57, 59, 6, 61, 47, 37, 34, 18, 29, 46, 45, 56, 31, 14, 17, 48, 55, 7, 50, 27, 51, 63, 44]","[49, 34, 46, 32, 17, 50, 51, 54, 61, 14, 52, 21, 56, 16, 44, 33, 25, 57, 2, 28, 35, 19, 55, 11, 22, 9, 48, 20, 53, 29, 45, 18]","[2, 9, 11, 14, 17, 18, 25, 29, 32, 34, 44, 45, 46, 48, 49, 50, 51, 54, 55, 56, 57, 61]"
24,"[23, 16, 41, 14, 10, 42, 9, 27, 35, 51, 24, 4, 59, 47, 55, 12, 18, 58, 7, 63, 28, 32, 22, 49, 37, 31, 13, 1, 21, 39, 36, 30]","[39, 6, 63, 37, 27, 19, 40, 16, 18, 54, 22, 20, 2, 30, 23, 59, 46, 52, 43, 10, 21, 41, 31, 4, 12, 24, 32, 38, 3, 13, 47, 53]","[4, 10, 12, 13, 16, 18, 21, 22, 23, 24, 27, 30, 31, 32, 37, 39, 41, 47, 59, 63]"
25,"[20, 5, 41, 40, 24, 60, 2, 6, 59, 50, 34, 47, 10, 0, 14, 29, 35, 28, 39, 58, 13, 16, 27, 4, 18, 52, 56, 21, 45, 15, 32, 30]","[2, 23, 40, 31, 7, 52, 55, 18, 59, 56, 60, 44, 38, 54, 35, 4, 46, 1, 12, 47, 10, 3, 13, 29, 48, 43, 6, 11, 20, 24, 45, 34]","[2, 4, 6, 10, 13, 18, 20, 24, 29, 34, 35, 40, 45, 47, 52, 56, 59, 60]"
26,"[60, 39, 4, 62, 16, 57, 49, 41, 25, 59, 55, 35, 53, 33, 17, 5, 18, 13, 46, 30, 45, 38, 1, 20, 22, 44, 11, 15, 42, 7, 21, 28]","[57, 27, 24, 15, 44, 13, 60, 35, 62, 47, 38, 59, 42, 52, 49, 43, 10, 0, 53, 6, 37, 18, 19, 36, 51, 58, 3, 34, 23, 21, 63, 40]","[13, 15, 18, 21, 35, 38, 42, 44, 49, 53, 57, 59, 60, 62]"
27,"[9, 48, 28, 3, 61, 4, 1, 22, 62, 57, 18, 21, 34, 26, 25, 8, 12, 38, 27, 49, 46, 6, 40, 56, 10, 16, 36, 5, 45, 44, 51, 42]","[10, 36, 20, 5, 45, 34, 16, 18, 21, 51, 60, 17, 57, 50, 42, 54, 46, 63, 39, 38, 58, 3, 24, 53, 37, 26, 27, 48, 22, 44, 49, 8]","[3, 5, 8, 10, 16, 18, 21, 22, 26, 27, 34, 36, 38, 42, 44, 45, 46, 48, 49, 51, 57]"
28,"[17, 42, 40, 38, 58, 19, 63, 22, 50, 18, 8, 16, 12, 15, 61, 10, 52, 9, 44, 13, 60, 24, 41, 56, 35, 46, 21, 36, 28, 0, 48, 6]","[6, 33, 10, 5, 23, 41, 53, 30, 58, 22, 45, 42, 61, 7, 12, 19, 56, 60, 2, 28, 62, 36, 39, 43, 27, 20, 16, 55, 37, 40, 9, 32]","[6, 9, 10, 12, 16, 19, 22, 28, 36, 40, 41, 42, 56, 58, 60, 61]"
29,"[1, 4, 35, 57, 2, 11, 43, 56, 16, 9, 51, 8, 26, 0, 59, 31, 22, 25, 29, 50, 13, 44, 12, 32, 30, 27, 19, 36, 42, 61, 7, 38]","[59, 35, 54, 49, 7, 45, 33, 57, 32, 41, 18, 47, 55, 56, 58, 5, 4, 46, 21, 9, 63, 52, 34, 2, 62, 8, 48, 22, 51, 11, 1, 16]","[1, 2, 4, 7, 8, 9, 11, 16, 22, 32, 35, 51, 56, 57, 59]"
30,"[54, 2, 52, 36, 21, 37, 13, 28, 39, 17, 27, 0, 42, 56, 10, 4, 60, 48, 49, 24, 20, 16, 5, 62, 14, 47, 53, 1, 7, 32, 34, 12]","[38, 41, 13, 32, 31, 63, 11, 62, 1, 18, 52, 58, 56, 51, 7, 37, 36, 22, 9, 35, 43, 0, 46, 4, 55, 44, 25, 8, 24, 14, 34, 47]","[0, 1, 4, 7, 13, 14, 24, 32, 34, 36, 37, 47, 52, 56, 62]"
31,"[6, 32, 2, 58, 25, 19, 31, 0, 30, 28, 46, 49, 41, 48, 45, 44, 59, 51, 22, 3, 38, 36, 1, 15, 11, 26, 37, 24, 55, 9, 14, 61]","[10, 56, 39, 4, 34, 11, 29, 14, 57, 15, 60, 20, 9, 43, 53, 40, 8, 44, 50, 27, 47, 19, 36, 52, 6, 62, 45, 63, 12, 21, 51, 58]","[6, 9, 11, 14, 15, 19, 36, 44, 45, 51, 58]"
32,"[24, 51, 50, 19, 63, 42, 29, 59, 41, 9, 38, 28, 25, 4, 18, 40, 12, 1, 58, 34, 15, 30, 54, 6, 46, 27, 39, 55, 23, 61, 5, 36]","[56, 17, 24, 11, 35, 20, 15, 10, 3, 45, 26, 33, 21, 60, 8, 32, 22, 48, 25, 49, 41, 14, 13, 18, 19, 61, 2, 43, 52, 16, 5, 27]","[5, 15, 18, 19, 24, 25, 27, 41, 61]"
33,"[27, 37, 6, 7, 2, 32, 28, 11, 24, 43, 5, 15, 12, 18, 36, 26, 55, 35, 57, 56, 29, 54, 30, 9, 3, 20, 38, 48, 63, 25, 16, 10]","[21, 34, 3, 20, 2, 13, 56, 32, 25, 58, 61, 51, 59, 53, 6, 27, 8, 48, 50, 43, 46, 52, 63, 11, 42, 12, 19, 45, 9, 39, 55, 54]","[2, 3, 6, 9, 11, 12, 20, 25, 27, 32, 43, 48, 54, 55, 56, 63]"
34,"[22, 52, 23, 8, 46, 5, 19, 37, 31, 51, 6, 17, 21, 13, 29, 4, 58, 0, 32, 40, 9, 33, 55, 34, 11, 30, 24, 20, 3, 39, 2, 25]","[51, 20, 56, 37, 9, 19, 38, 53, 43, 35, 39, 23, 46, 8, 11, 3, 28, 49, 13, 22, 52, 2, 42, 26, 21, 30, 58, 24, 59, 40, 5, 6]","[2, 3, 5, 6, 8, 9, 11, 13, 19, 20, 21, 22, 23, 24, 30, 37, 39, 40, 46, 51, 52, 58]"
35,"[9, 37, 45, 60, 18, 38, 55, 14, 44, 49, 27, 19, 6, 2, 51, 26, 11, 24, 54, 32, 48, 57, 34, 3, 42, 5, 39, 31, 53, 62, 43, 41]","[61, 28, 30, 25, 33, 43, 46, 56, 58, 62, 21, 17, 16, 50, 29, 41, 13, 38, 54, 63, 40, 18, 35, 10, 36, 20, 7, 9, 8, 45, 19, 52]","[9, 18, 19, 38, 41, 43, 45, 54, 62]"
36,"[45, 26, 14, 2, 25, 41, 59, 58, 42, 39, 56, 46, 1, 48, 30, 31, 63, 36, 33, 5, 60, 19, 21, 57, 62, 35, 17, 37, 6, 3, 38, 13]","[43, 32, 60, 56, 36, 22, 59, 6, 39, 63, 46, 8, 26, 38, 57, 31, 29, 25, 45, 18, 55, 52, 13, 10, 62, 35, 30, 7, 47, 14, 37, 21]","[6, 13, 14, 21, 25, 26, 30, 31, 35, 36, 37, 38, 39, 45, 46, 56, 57, 59, 60, 62, 63]"
37,"[47, 52, 1, 22, 16, 56, 5, 30, 43, 54, 3, 48, 21, 17, 33, 9, 57, 11, 4, 46, 15, 26, 12, 7, 32, 44, 6, 41, 31, 14, 49, 59]","[42, 44, 49, 59, 58, 61, 57, 6, 46, 3, 7, 31, 43, 1, 34, 22, 12, 16, 4, 54, 55, 45, 27, 5, 26, 48, 13, 17, 19, 51, 39, 47]","[1, 3, 4, 5, 6, 7, 12, 16, 17, 22, 26, 31, 43, 44, 46, 47, 48, 49, 54, 57, 59]"
38,"[28, 27, 51, 11, 2, 31, 14, 6, 33, 25, 42, 49, 59, 60, 17, 10, 56, 12, 23, 36, 37, 53, 18, 52, 26, 21, 62, 63, 38, 22, 16, 44]","[52, 53, 6, 9, 40, 47, 14, 3, 34, 29, 18, 48, 7, 58, 20, 50, 51, 22, 5, 46, 28, 37, 60, 61, 55, 27, 1, 4, 49, 45, 39, 24]","[6, 14, 18, 22, 27, 28, 37, 49, 51, 52, 53, 60]"
39,"[41, 11, 6, 43, 60, 48, 37, 55, 31, 39, 7, 13, 58, 42, 62, 44, 21, 56, 35, 19, 49, 9, 36, 34, 14, 10, 8, 54, 30, 32, 52, 2]","[0, 36, 42, 58, 13, 38, 31, 45, 11, 61, 18, 28, 32, 60, 17, 57, 10, 2, 3, 59, 51, 35, 12, 9, 7, 50, 63, 41, 48, 34, 39, 49]","[2, 7, 9, 10, 11, 13, 31, 32, 34, 35, 36, 39, 41, 42, 48, 49, 58, 60]"
40,"[27, 26, 20, 51, 10, 56, 49, 22, 31, 61, 44, 24, 32, 17, 50, 29, 30, 19, 3, 4, 12, 0, 43, 41, 35, 58, 33, 15, 37, 34, 57, 25]","[54, 29, 52, 49, 45, 30, 48, 7, 11, 19, 47, 46, 10, 38, 16, 36, 40, 5, 41, 1, 23, 8, 42, 33, 56, 14, 59, 2, 58, 0, 63, 62]","[0, 10, 19, 29, 30, 33, 41, 49, 56, 58]"
41,"[44, 7, 43, 52, 38, 18, 47, 2, 49, 41, 36, 42, 57, 1, 23, 27, 39, 50, 31, 51, 16, 29, 30, 26, 40, 24, 10, 20, 6, 11, 62, 19]","[47, 21, 60, 51, 62, 55, 28, 48, 16, 2, 52, 36, 10, 18, 63, 3, 45, 32, 50, 43, 19, 44, 27, 56, 26, 1, 8, 29, 25, 41, 11, 38]","[1, 2, 10, 11, 16, 18, 19, 26, 27, 29, 36, 38, 41, 43, 44, 47, 50, 51, 52, 62]"
42,"[11, 29, 26, 5, 13, 32, 53, 10, 25, 60, 52, 39, 35, 55, 23, 17, 49, 47, 28, 20, 4, 50, 2, 31, 19, 48, 34, 6, 0, 54, 16, 37]","[59, 30, 29, 23, 49, 57, 25, 16, 37, 27, 1, 17, 20, 42, 55, 47, 41, 7, 33, 6, 52, 48, 34, 51, 13, 3, 56, 11, 26, 50, 54, 46]","[6, 11, 13, 16, 17, 20, 23, 25, 26, 29, 34, 37, 47, 48, 49, 50, 52, 54, 55]"
43,"[2, 21, 7, 46, 49, 10, 25, 20, 32, 23, 55, 26, 4, 34, 15, 16, 28, 50, 30, 42, 37, 45, 44, 1, 39, 5, 6, 13, 24, 11, 38, 14]","[29, 45, 42, 8, 21, 9, 1, 5, 15, 61, 62, 51, 54, 41, 38, 31, 7, 56, 43, 13, 36, 0, 60, 10, 59, 48, 25, 3, 34, 19, 23, 27]","[1, 5, 7, 10, 13, 15, 21, 23, 25, 34, 38, 42, 45]"
44,"[53, 2, 10, 19, 21, 8, 35, 56, 49, 5, 45, 42, 39, 16, 38, 32, 20, 9, 25, 41, 15, 29, 61, 7, 1, 11, 6, 47, 57, 36, 40, 28]","[23, 59, 3, 54, 22, 50, 47, 18, 37, 24, 27, 26, 48, 6, 34, 45, 16, 28, 55, 60, 33, 30, 52, 19, 7, 17, 13, 58, 35, 46, 62, 2]","[2, 6, 7, 16, 19, 28, 35, 45, 47]"
45,"[46, 13, 6, 58, 35, 57, 18, 2, 53, 30, 31, 28, 60, 5, 21, 56, 52, 48, 55, 39, 59, 12, 23, 45, 36, 22, 50, 0, 20, 4, 29, 32]","[45, 2, 20, 60, 13, 35, 22, 57, 24, 55, 5, 58, 51, 32, 56, 4, 0, 8, 7, 54, 41, 36, 48, 53, 23, 34, 38, 39, 28, 29, 61, 30]","[0, 2, 4, 5, 13, 20, 22, 23, 28, 29, 30, 32, 35, 36, 39, 45, 48, 53, 55, 56, 57, 58, 60]"
46,"[49, 54, 43, 3, 33, 63, 61, 57, 53, 42, 58, 48, 11, 51, 50, 55, 39, 1, 9, 28, 30, 6, 21, 20, 7, 47, 32, 19, 15, 5, 36, 40]","[44, 18, 40, 59, 58, 54, 0, 29, 38, 30, 48, 24, 55, 17, 52, 43, 11, 60, 31, 53, 20, 45, 41, 63, 3, 36, 23, 56, 35, 19, 14, 39]","[3, 11, 19, 20, 30, 36, 39, 40, 43, 48, 53, 54, 55, 58, 63]"
47,"[20, 13, 57, 11, 8, 58, 9, 4, 43, 10, 12, 61, 48, 40, 22, 32, 50, 2, 25, 41, 17, 21, 33, 5, 1, 37, 34, 19, 31, 47, 15, 3]","[58, 10, 51, 3, 1, 39, 41, 38, 46, 8, 42, 12, 20, 32, 43, 5, 2, 50, 25, 17, 18, 55, 27, 40, 16, 19, 30, 57, 31, 47, 48, 37]","[1, 2, 3, 5, 8, 10, 12, 17, 19, 20, 25, 31, 32, 37, 40, 41, 43, 47, 48, 50, 57, 58]"
48,"[39, 3, 45, 11, 22, 60, 1, 19, 25, 55, 18, 40, 35, 4, 58, 28, 8, 36, 41, 44, 30, 61, 50, 9, 2, 5, 15, 48, 12, 32, 31, 56]","[26, 19, 24, 8, 39, 44, 22, 30, 18, 31, 58, 11, 12, 63, 57, 17, 49, 45, 55, 23, 2, 42, 59, 60, 47, 0, 5, 21, 1, 29, 41, 27]","[1, 2, 5, 8, 11, 12, 18, 19, 22, 30, 31, 39, 41, 44, 45, 55, 58, 60]"
49,"[39, 40, 9, 0, 34, 57, 30, 43, 7, 35, 6, 24, 41, 63, 44, 36, 8, 13, 45, 15, 28, 55, 61, 42, 11, 48, 12, 38, 5, 27, 50, 59]","[9, 40, 0, 15, 52, 31, 45, 7, 57, 55, 28, 44, 26, 29, 11, 56, 38, 17, 3, 63, 42, 43, 5, 60, 30, 10, 58, 47, 41, 50, 54, 48]","[0, 5, 7, 9, 11, 15, 28, 30, 38, 40, 41, 42, 43, 44, 45, 48, 50, 55, 57, 63]"
50,"[27, 33, 14, 63, 0, 59, 54, 9, 62, 31, 21, 53, 39, 19, 10, 2, 22, 16, 29, 44, 17, 24, 60, 35, 12, 56, 4, 34, 36, 57, 30, 26]","[24, 36, 50, 3, 63, 58, 17, 22, 56, 0, 60, 7, 27, 55, 4, 11, 40, 31, 62, 14, 19, 35, 39, 33, 43, 21, 10, 6, 45, 59, 8, 18]","[0, 4, 10, 14, 17, 19, 21, 22, 24, 27, 31, 33, 35, 36, 39, 56, 59, 60, 62, 63]"
51,"[2, 27, 29, 42, 14, 34, 24, 58, 31, 4, 43, 62, 7, 1, 9, 5, 10, 53, 21, 49, 26, 23, 32, 3, 35, 51, 59, 55, 30, 39, 13, 16]","[57, 4, 11, 56, 37, 33, 63, 21, 30, 24, 55, 60, 48, 19, 46, 54, 44, 47, 7, 25, 31, 17, 18, 15, 45, 13, 10, 29, 0, 6, 61, 1]","[1, 4, 7, 10, 13, 21, 24, 29, 30, 31, 55]"
52,"[26, 63, 60, 20, 62, 17, 52, 35, 56, 12, 51, 10, 31, 42, 50, 18, 4, 39, 11, 44, 22, 25, 33, 5, 32, 13, 45, 0, 28, 23, 48, 59]","[36, 4, 35, 53, 22, 42, 55, 7, 18, 19, 13, 54, 52, 29, 27, 40, 25, 46, 15, 31, 63, 43, 57, 33, 38, 37, 1, 39, 9, 41, 45, 16]","[4, 13, 18, 22, 25, 31, 33, 35, 39, 42, 45, 52, 63]"
53,"[30, 10, 36, 20, 63, 2, 43, 62, 25, 33, 9, 4, 24, 60, 21, 57, 26, 40, 53, 18, 17, 45, 23, 50, 3, 48, 41, 12, 52, 47, 59, 0]","[15, 55, 6, 43, 41, 46, 32, 30, 48, 39, 9, 28, 58, 16, 8, 7, 33, 56, 20, 2, 21, 24, 34, 49, 1, 23, 17, 11, 45, 0, 44, 60]","[0, 2, 9, 17, 20, 21, 23, 24, 30, 33, 41, 43, 45, 48, 60]"
54,"[34, 24, 6, 4, 11, 52, 45, 54, 27, 49, 63, 16, 1, 28, 44, 33, 20, 22, 2, 57, 3, 40, 23, 30, 7, 41, 8, 62, 43, 58, 17, 46]","[61, 27, 43, 59, 55, 46, 10, 24, 12, 60, 1, 22, 23, 19, 52, 29, 40, 50, 39, 37, 26, 0, 63, 49, 56, 35, 6, 17, 41, 33, 9, 25]","[1, 6, 17, 22, 23, 24, 27, 33, 40, 41, 43, 46, 49, 52, 63]"
55,"[40, 62, 51, 34, 3, 26, 52, 29, 5, 44, 18, 23, 61, 10, 50, 24, 47, 43, 37, 7, 38, 11, 15, 59, 36, 49, 53, 42, 48, 45, 56, 58]","[4, 28, 22, 9, 35, 30, 5, 2, 54, 33, 26, 11, 13, 6, 25, 31, 20, 17, 34, 27, 36, 55, 48, 8, 32, 19, 56, 42, 46, 21, 57, 41]","[5, 11, 26, 34, 36, 42, 48, 56]"
56,"[49, 63, 30, 15, 54, 9, 6, 42, 8, 27, 3, 12, 48, 2, 36, 1, 26, 11, 43, 16, 61, 0, 62, 25, 53, 24, 51, 7, 19, 20, 14, 41]","[37, 55, 44, 8, 35, 43, 10, 36, 17, 32, 51, 7, 9, 59, 56, 16, 33, 19, 14, 58, 15, 6, 28, 53, 60, 50, 30, 41, 2, 23, 61, 34]","[2, 6, 7, 8, 9, 14, 15, 16, 19, 30, 36, 41, 43, 51, 53, 61]"
57,"[26, 10, 13, 42, 6, 50, 47, 34, 27, 36, 46, 3, 14, 61, 5, 44, 15, 55, 30, 41, 52, 28, 8, 2, 21, 38, 40, 11, 0, 62, 1, 16]","[19, 26, 14, 7, 13, 1, 15, 29, 4, 63, 22, 59, 47, 60, 51, 35, 23, 50, 58, 30, 57, 2, 49, 31, 62, 25, 24, 53, 20, 45, 54, 12]","[1, 2, 13, 14, 15, 26, 30, 47, 50, 62]"
58,"[43, 24, 41, 12, 33, 52, 34, 30, 39, 51, 1, 37, 49, 14, 50, 40, 23, 42, 17, 6, 31, 7, 3, 61, 21, 38, 63, 57, 20, 45, 9, 36]","[60, 34, 57, 3, 41, 49, 50, 23, 40, 14, 42, 58, 55, 19, 54, 22, 59, 21, 15, 20, 9, 28, 63, 17, 51, 27, 37, 13, 4, 2, 33, 1]","[1, 3, 9, 14, 17, 20, 21, 23, 33, 34, 37, 40, 41, 42, 49, 50, 51, 57, 63]"
59,"[5, 19, 20, 41, 52, 7, 49, 50, 28, 18, 1, 40, 33, 55, 53, 2, 22, 47, 27, 62, 29, 17, 58, 4, 43, 39, 14, 15, 45, 26, 10, 21]","[62, 61, 27, 26, 7, 25, 40, 4, 32, 14, 42, 50, 20, 39, 24, 3, 58, 2, 57, 5, 1, 17, 11, 9, 8, 38, 18, 46, 51, 29, 23, 33]","[1, 2, 4, 5, 7, 14, 17, 18, 20, 26, 27, 29, 33, 39, 40, 50, 58, 62]"
60,"[33, 32, 31, 53, 61, 4, 40, 55, 1, 43, 26, 25, 18, 17, 45, 46, 59, 21, 23, 35, 10, 27, 12, 50, 38, 42, 30, 2, 13, 29, 5, 14]","[13, 26, 30, 15, 50, 61, 2, 42, 52, 46, 32, 23, 17, 14, 21, 44, 40, 53, 8, 33, 59, 31, 28, 20, 4, 5, 55, 60, 56, 41, 24, 27]","[2, 4, 5, 13, 14, 17, 21, 23, 26, 27, 30, 31, 32, 33, 40, 42, 46, 50, 53, 55, 59, 61]"
61,"[44, 60, 25, 59, 56, 22, 42, 5, 12, 4, 31, 35, 50, 2, 43, 19, 62, 53, 24, 15, 47, 13, 37, 6, 29, 9, 34, 49, 1, 27, 55, 0]","[48, 18, 47, 60, 25, 34, 3, 13, 36, 15, 54, 35, 2, 57, 9, 40, 42, 4, 24, 43, 51, 61, 62, 26, 56, 0, 53, 11, 5, 28, 58, 19]","[0, 2, 4, 5, 9, 13, 15, 19, 24, 25, 34, 35, 42, 43, 47, 53, 56, 60, 62]"
62,"[16, 53, 6, 40, 31, 42, 45, 61, 37, 33, 27, 17, 57, 44, 2, 28, 15, 41, 8, 35, 5, 62, 1, 0, 22, 34, 21, 4, 18, 25, 36, 3]","[19, 28, 56, 32, 47, 62, 48, 43, 39, 3, 26, 38, 52, 31, 12, 33, 24, 46, 36, 51, 61, 27, 8, 57, 2, 63, 6, 9, 29, 54, 5, 13]","[2, 3, 5, 6, 8, 27, 28, 31, 33, 36, 57, 61, 62]"
63,"[46, 10, 18, 3, 15, 4, 23, 13, 31, 6, 30, 39, 16, 35, 56, 59, 28, 25, 27, 26, 50, 54, 34, 36, 12, 37, 33, 42, 40, 32, 0, 5]","[56, 41, 25, 26, 3, 4, 63, 30, 20, 59, 23, 35, 39, 62, 53, 47, 52, 27, 28, 6, 50, 18, 46, 55, 33, 13, 34, 32, 10, 29, 16, 0]","[0, 3, 4, 6, 10, 13, 16, 18, 23, 25, 26, 27, 28, 30, 32, 33, 34, 35, 39, 46, 50, 56, 59]"
64,"[47, 11, 4, 10, 52, 54, 43, 50, 18, 60, 34, 39, 36, 30, 37, 23, 41, 32, 5, 15, 2, 58, 40, 28, 27, 38, 12, 0, 20, 42, 26, 19]","[22, 18, 31, 62, 33, 15, 38, 4, 49, 17, 26, 50, 41, 27, 46, 35, 48, 36, 29, 9, 16, 24, 23, 56, 19, 5, 1, 12, 34, 61, 8, 55]","[4, 5, 12, 15, 18, 19, 23, 26, 27, 34, 36, 38, 41, 50]"
65,"[34, 4, 44, 39, 29, 25, 16, 35, 10, 51, 62, 40, 5, 20, 6, 32, 48, 42, 23, 22, 7, 33, 3, 19, 8, 27, 52, 21, 13, 53, 36, 12]","[38, 2, 46, 35, 7, 44, 1, 49, 45, 27, 57, 0, 19, 61, 59, 11, 16, 18, 51, 8, 60, 9, 12, 15, 23, 6, 40, 22, 14, 30, 50, 31]","[6, 7, 8, 12, 16, 19, 22, 23, 27, 35, 40, 44, 51]"
66,"[28, 39, 33, 2, 21, 53, 14, 12, 18, 7, 45, 43, 37, 60, 54, 42, 11, 38, 23, 9, 50, 26, 22, 62, 15, 5, 8, 0, 20, 13, 56, 30]","[51, 18, 47, 54, 4, 60, 48, 62, 61, 56, 50, 40, 14, 28, 39, 2, 25, 9, 0, 7, 13, 32, 33, 35, 30, 11, 8, 20, 23, 49, 12, 22]","[0, 2, 7, 8, 9, 11, 12, 13, 14, 18, 20, 22, 23, 28, 30, 33, 39, 50, 54, 56, 60, 62]"
67,"[56, 61, 32, 49, 34, 25, 16, 14, 0, 28, 10, 55, 46, 53, 27, 52, 39, 37, 63, 6, 43, 21, 19, 30, 29, 50, 41, 8, 31, 18, 33, 40]","[22, 51, 50, 8, 32, 45, 6, 38, 34, 3, 10, 43, 54, 37, 1, 13, 61, 55, 47, 5, 20, 23, 9, 11, 58, 59, 48, 27, 17, 42, 31, 25]","[6, 8, 10, 25, 27, 31, 32, 34, 37, 43, 50, 55, 61]"
68,"[32, 56, 63, 19, 46, 60, 23, 2, 62, 44, 53, 51, 49, 54, 33, 4, 31, 6, 47, 34, 61, 21, 12, 26, 55, 5, 27, 29, 15, 45, 52, 38]","[49, 8, 24, 36, 0, 3, 33, 51, 16, 11, 43, 40, 2, 29, 41, 38, 7, 39, 17, 55, 18, 62, 25, 20, 48, 14, 10, 13, 30, 22, 19, 50]","[2, 19, 29, 33, 38, 49, 51, 55, 62]"
69,"[10, 62, 7, 61, 52, 43, 6, 14, 42, 13, 23, 30, 11, 22, 3, 8, 21, 63, 1, 34, 35, 4, 19, 36, 27, 26, 33, 28, 29, 59, 60, 16]","[31, 63, 8, 6, 32, 52, 48, 30, 53, 49, 5, 26, 2, 14, 47, 43, 51, 18, 44, 33, 55, 4, 20, 17, 42, 7, 15, 10, 24, 3, 59, 39]","[3, 4, 6, 7, 8, 10, 14, 26, 30, 33, 42, 43, 52, 59, 63]"
70,"[9, 22, 57, 5, 0, 10, 56, 20, 8, 23, 4, 3, 58, 50, 38, 18, 1, 14, 17, 40, 21, 11, 48, 36, 27, 31, 2, 30, 34, 37, 49, 7]","[41, 36, 45, 4, 6, 42, 30, 10, 33, 54, 44, 47, 18, 40, 27, 9, 2, 21, 49, 60, 34, 1, 5, 23, 50, 46, 57, 32, 22, 26, 7, 11]","[1, 2, 4, 5, 7, 9, 10, 11, 18, 21, 22, 23, 27, 30, 34, 36, 40, 49, 50, 57]"
71,"[57, 29, 41, 52, 62, 54, 6, 11, 36, 0, 44, 9, 35, 59, 63, 32, 47, 49, 38, 34, 8, 53, 18, 13, 27, 60, 3, 10, 19, 61, 25, 28]","[10, 62, 39, 11, 16, 28, 14, 37, 23, 8, 17, 25, 58, 45, 7, 56, 36, 61, 48, 12, 13, 4, 33, 55, 27, 42, 20, 46, 32, 31, 43, 21]","[8, 10, 11, 13, 25, 27, 28, 32, 36, 61, 62]"
72,"[63, 8, 51, 13, 28, 52, 10, 41, 46, 34, 14, 9, 20, 39, 11, 25, 7, 21, 59, 5, 56, 23, 43, 47, 27, 35, 54, 30, 16, 37, 57, 2]","[19, 18, 24, 37, 58, 17, 9, 13, 2, 50, 16, 63, 3, 39, 53, 4, 35, 49, 22, 42, 45, 43, 20, 14, 47, 32, 12, 52, 26, 56, 11, 29]","[2, 9, 11, 13, 14, 16, 20, 35, 37, 39, 43, 47, 52, 56, 63]"
73,"[56, 35, 29, 20, 24, 27, 31, 12, 2, 4, 33, 11, 60, 16, 7, 8, 58, 63, 46, 49, 36, 52, 53, 41, 30, 32, 51, 47, 62, 21, 15, 0]","[51, 26, 31, 25, 47, 60, 49, 45, 9, 34, 61, 33, 38, 44, 53, 59, 3, 14, 48, 8, 22, 4, 19, 55, 6, 43, 37, 5, 50, 27, 40, 17]","[4, 8, 27, 31, 33, 47, 49, 51, 53, 60]"
74,"[17, 33, 36, 34, 27, 54, 37, 29, 38, 57, 21, 40, 43, 20, 48, 10, 41, 28, 22, 4, 32, 30, 31, 59, 47, 23, 14, 5, 1, 42, 50, 44]","[13, 23, 10, 14, 51, 12, 21, 40, 32, 3, 29, 56, 33, 50, 37, 22, 63, 47, 24, 38, 35, 43, 5, 26, 16, 27, 31, 1, 49, 46, 8, 52]","[1, 5, 10, 14, 21, 22, 23, 27, 29, 31, 32, 33, 37, 38, 40, 43, 47, 50]"
75,"[57, 37, 60, 46, 20, 41, 33, 42, 26, 55, 39, 4, 36, 10, 32, 31, 58, 9, 3, 59, 22, 2, 34, 17, 0, 61, 16, 53, 12, 25, 50, 23]","[54, 19, 15, 49, 33, 31, 8, 28, 17, 38, 27, 55, 14, 4, 45, 6, 9, 60, 10, 24, 61, 63, 13, 47, 46, 2, 20, 36, 48, 7, 53, 23]","[2, 4, 9, 10, 17, 20, 23, 31, 33, 36, 46, 53, 55, 60, 61]"
76,"[20, 56, 53, 3, 34, 4, 2, 6, 27, 15, 63, 23, 55, 39, 14, 36, 42, 25, 35, 38, 43, 1, 37, 51, 16, 29, 31, 47, 26, 28, 10, 45]","[33, 19, 20, 42, 10, 11, 48, 4, 47, 26, 9, 37, 55, 30, 58, 8, 41, 46, 59, 50, 34, 43, 18, 5, 62, 49, 23, 21, 61, 57, 51, 15]","[4, 10, 15, 20, 23, 26, 34, 37, 42, 43, 47, 51, 55]"
77,"[23, 14, 10, 28, 7, 25, 2, 0, 29, 1, 35, 8, 54, 58, 51, 24, 21, 41, 3, 38, 44, 45, 39, 5, 53, 55, 17, 48, 6, 20, 18, 34]","[2, 53, 46, 41, 62, 43, 12, 63, 10, 32, 22, 59, 51, 13, 25, 23, 14, 36, 16, 11, 58, 57, 9, 61, 42, 47, 37, 50, 33, 3, 6, 15]","[2, 3, 6, 10, 14, 23, 25, 41, 51, 53, 58]"
78,"[41, 50, 43, 38, 1, 44, 15, 61, 23, 26, 19, 9, 6, 31, 54, 18, 56, 10, 16, 29, 42, 39, 11, 12, 60, 52, 45, 63, 0, 30, 20, 53]","[58, 44, 4, 38, 11, 39, 60, 59, 22, 46, 50, 7, 15, 13, 8, 36, 5, 26, 28, 10, 53, 1, 23, 20, 43, 61, 51, 40, 57, 9, 54, 14]","[1, 9, 10, 11, 15, 20, 23, 26, 38, 39, 43, 44, 50, 53, 54, 60, 61]"
79,"[33, 36, 54, 26, 59, 28, 0, 10, 1, 63, 45, 11, 53, 56, 6, 4, 27, 40, 39, 61, 55, 18, 3, 48, 9, 22, 2, 34, 15, 16, 60, 42]","[54, 63, 16, 12, 53, 27, 34, 8, 1, 41, 36, 52, 58, 24, 59, 23, 30, 6, 44, 32, 37, 48, 3, 42, 9, 45, 51, 14, 22, 61, 50, 4]","[1, 3, 4, 6, 9, 16, 22, 27, 34, 36, 42, 45, 48, 53, 54, 59, 61, 63]"
80,"[50, 47, 26, 38, 60, 19, 14, 61, 55, 2, 31, 9, 29, 11, 62, 58, 5, 24, 25, 17, 13, 53, 37, 1, 34, 6, 43, 54, 33, 12, 41, 7]","[16, 62, 31, 60, 50, 29, 10, 20, 39, 2, 42, 14, 22, 1, 13, 59, 0, 26, 11, 34, 19, 6, 7, 54, 8, 38, 33, 61, 17, 25, 58, 47]","[1, 2, 6, 7, 11, 13, 14, 17, 19, 25, 26, 29, 31, 33, 34, 38, 47, 50, 54, 58, 60, 61, 62]"
81,"[61, 3, 10, 49, 21, 43, 46, 18, 16, 57, 4, 2, 19, 14, 34, 62, 26, 25, 1, 5, 6, 52, 63, 13, 36, 7, 45, 39, 48, 15, 54, 33]","[47, 48, 6, 16, 31, 13, 56, 17, 21, 55, 36, 40, 35, 2, 50, 3, 53, 38, 51, 23, 12, 11, 24, 34, 15, 46, 45, 8, 1, 20, 22, 39]","[1, 2, 3, 6, 13, 15, 16, 21, 34, 36, 39, 45, 46, 48]"
82,"[30, 47, 32, 19, 28, 45, 23, 13, 37, 0, 40, 16, 14, 26, 5, 43, 12, 41, 3, 6, 53, 51, 63, 24, 7, 61, 20, 22, 39, 11, 33, 34]","[9, 38, 46, 16, 6, 21, 39, 51, 1, 54, 13, 18, 57, 58, 8, 48, 29, 10, 31, 44, 17, 28, 27, 45, 34, 47, 60, 4, 5, 42, 15, 50]","[5, 6, 13, 16, 28, 34, 39, 45, 47, 51]"
83,"[18, 15, 28, 52, 23, 43, 45, 19, 34, 37, 21, 8, 27, 14, 2, 4, 47, 42, 16, 17, 60, 29, 39, 0, 58, 5, 46, 33, 12, 32, 55, 10]","[51, 27, 18, 40, 45, 32, 60, 0, 53, 4, 23, 28, 10, 15, 29, 17, 24, 2, 5, 34, 21, 22, 52, 11, 12, 50, 44, 9, 3, 42, 39, 48]","[0, 2, 4, 5, 10, 12, 15, 17, 18, 21, 23, 27, 28, 29, 32, 34, 39, 42, 45, 52, 60]"
84,"[16, 49, 22, 56, 0, 53, 12, 26, 9, 51, 20, 14, 38, 29, 36, 13, 19, 40, 6, 44, 48, 43, 32, 15, 42, 62, 39, 52, 23, 7, 60, 50]","[45, 50, 38, 19, 63, 9, 26, 20, 31, 4, 62, 54, 29, 61, 47, 16, 18, 10, 52, 39, 35, 17, 23, 56, 51, 14, 27, 49, 40, 30, 58, 15]","[9, 14, 15, 16, 19, 20, 23, 26, 29, 38, 39, 40, 49, 50, 51, 52, 56, 62]"
85,"[41, 56, 11, 28, 36, 57, 6, 23, 49, 29, 20, 5, 63, 39, 58, 51, 42, 37, 18, 0, 19, 31, 47, 10, 32, 48, 38, 7, 13, 44, 45, 8]","[29, 5, 60, 63, 11, 12, 43, 20, 42, 30, 21, 3, 6, 49, 58, 17, 36, 15, 1, 44, 24, 41, 59, 51, 53, 32, 38, 56, 37, 57, 23, 33]","[5, 6, 11, 20, 23, 29, 32, 36, 37, 38, 41, 42, 44, 49, 51, 56, 57, 58, 63]"
86,"[19, 38, 45, 33, 6, 24, 36, 10, 29, 30, 21, 9, 59, 25, 32, 11, 4, 2, 5, 57, 20, 40, 35, 55, 15, 1, 34, 44, 3, 8, 23, 18]","[37, 42, 17, 16, 6, 55, 43, 0, 56, 53, 31, 14, 21, 44, 26, 61, 49, 25, 12, 27, 28, 18, 32, 51, 13, 50, 52, 19, 54, 58, 30, 48]","[6, 18, 19, 21, 25, 30, 32, 44, 55]"
87,"[28, 38, 31, 55, 61, 37, 62, 60, 25, 6, 41, 15, 9, 4, 18, 7, 12, 49, 24, 0, 23, 46, 44, 3, 30, 59, 5, 8, 2, 34, 13, 11]","[22, 34, 53, 40, 60, 36, 27, 43, 1, 10, 17, 15, 25, 51, 48, 57, 13, 33, 54, 7, 30, 16, 38, 29, 26, 0, 44, 14, 12, 19, 42, 31]","[0, 7, 12, 13, 15, 25, 30, 31, 34, 38, 44, 60]"
88,"[60, 43, 34, 28, 48, 25, 29, 15, 16, 46, 26, 54, 4, 38, 11, 61, 39, 20, 17, 50, 27, 2, 49, 14, 36, 24, 5, 53, 41, 55, 10, 3]","[56, 48, 63, 6, 54, 38, 21, 42, 39, 47, 20, 11, 49, 14, 28, 46, 53, 61, 23, 9, 24, 34, 10, 43, 0, 52, 5, 29, 44, 59, 27, 16]","[5, 10, 11, 14, 16, 20, 24, 27, 28, 29, 34, 38, 39, 43, 46, 48, 49, 53, 54, 61]"
89,"[24, 23, 8, 45, 17, 37, 35, 10, 58, 57, 3, 61, 18, 29, 15, 4, 13, 43, 5, 19, 26, 49, 0, 1, 27, 39, 6, 20, 16, 50, 14, 34]","[38, 63, 5, 49, 47, 18, 39, 60, 29, 26, 44, 3, 0, 10, 52, 61, 14, 4, 15, 35, 59, 8, 57, 50, 54, 20, 28, 24, 16, 1, 55, 25]","[0, 1, 3, 4, 5, 8, 10, 14, 15, 16, 18, 20, 24, 26, 29, 35, 39, 49, 50, 57, 61]"
90,"[21, 35, 6, 49, 16, 39, 20, 27, 28, 57, 13, 29, 32, 61, 33, 46, 60, 38, 54, 45, 19, 59, 43, 36, 51, 31, 24, 4, 52, 50, 9, 63]","[13, 2, 42, 49, 59, 5, 27, 53, 33, 44, 16, 25, 15, 48, 52, 11, 47, 32, 7, 56, 17, 10, 14, 43, 24, 31, 0, 37, 51, 4, 30, 19]","[4, 13, 16, 19, 24, 27, 31, 32, 33, 43, 49, 51, 52, 59]"
91,"[38, 36, 34, 17, 18, 46, 20, 3, 15, 57, 23, 42, 4, 25, 2, 7, 55, 24, 19, 51, 52, 31, 21, 28, 16, 62, 9, 12, 27, 13, 48, 1]","[52, 28, 54, 22, 51, 18, 19, 8, 26, 43, 55, 4, 21, 35, 1, 37, 46, 9, 44, 39, 0, 23, 15, 42, 57, 25, 27, 49, 34, 17, 13, 11]","[1, 4, 9, 13, 15, 17, 18, 19, 21, 23, 25, 27, 28, 34, 42, 46, 51, 52, 55, 57]"
92,"[59, 17, 41, 57, 60, 46, 5, 52, 20, 38, 28, 45, 50, 58, 22, 54, 36, 56, 47, 32, 27, 3, 1, 10, 53, 24, 31, 23, 49, 6, 35, 0]","[59, 41, 20, 24, 53, 19, 46, 5, 35, 31, 38, 37, 36, 0, 52, 16, 2, 45, 17, 33, 21, 57, 50, 61, 56, 11, 8, 29, 18, 54, 10, 47]","[0, 5, 10, 17, 20, 24, 31, 35, 36, 38, 41, 45, 46, 47, 50, 52, 53, 54, 56, 57, 59]"
93,"[11, 52, 33, 43, 9, 23, 21, 61, 10, 49, 20, 15, 58, 63, 62, 16, 45, 2, 37, 28, 35, 34, 31, 24, 3, 44, 29, 30, 19, 8, 32, 38]","[49, 29, 32, 0, 20, 53, 39, 26, 44, 23, 6, 35, 10, 15, 57, 7, 61, 56, 60, 17, 4, 42, 18, 55, 46, 28, 21, 41, 24, 33, 13, 47]","[10, 15, 20, 21, 23, 24, 28, 29, 32, 33, 35, 44, 49, 61]"
94,"[8, 3, 10, 61, 33, 57, 38, 37, 20, 0, 35, 40, 58, 19, 25, 4, 24, 22, 13, 56, 45, 16, 27, 51, 46, 29, 59, 34, 15, 31, 44, 39]","[58, 55, 44, 60, 31, 8, 40, 18, 13, 26, 7, 61, 38, 19, 37, 51, 57, 53, 29, 4, 50, 46, 35, 33, 39, 5, 45, 24, 36, 34, 3, 63]","[3, 4, 8, 13, 19, 24, 29, 31, 33, 34, 35, 37, 38, 39, 40, 44, 45, 46, 51, 57, 58, 61]"
95,"[12, 23, 31, 47, 17, 22, 27, 29, 16, 37, 0, 7, 4, 50, 39, 45, 46, 19, 20, 3, 30, 41, 62, 60, 8, 18, 35, 56, 11, 32, 14, 24]","[16, 13, 5, 49, 42, 12, 40, 34, 23, 48, 36, 51, 18, 7, 62, 31, 19, 61, 25, 58, 53, 54, 60, 17, 46, 59, 41, 52, 10, 33, 63, 26]","[7, 12, 16, 17, 18, 19, 23, 31, 41, 46, 60, 62]"
96,"[22, 41, 48, 14, 11, 34, 2, 16, 3, 6, 21, 56, 61, 29, 19, 52, 18, 38, 49, 15, 12, 43, 62, 50, 63, 46, 55, 28, 0, 30, 51, 27]","[5, 2, 11, 26, 30, 40, 49, 47, 62, 54, 4, 17, 60, 44, 61, 28, 18, 35, 39, 24, 37, 57, 8, 7, 20, 45, 10, 12, 25, 3, 38, 36]","[2, 3, 11, 12, 18, 28, 30, 38, 49, 61, 62]"
97,"[2, 62, 8, 22, 15, 60, 59, 14, 0, 10, 33, 34, 50, 4, 19, 31, 58, 1, 16, 53, 17, 24, 27, 18, 32, 11, 51, 43, 54, 42, 28, 39]","[57, 54, 13, 47, 2, 15, 7, 58, 43, 16, 22, 0, 36, 35, 23, 38, 21, 55, 33, 19, 46, 8, 29, 42, 60, 27, 32, 53, 49, 31, 9, 28]","[0, 2, 8, 15, 16, 19, 22, 27, 28, 31, 32, 33, 42, 43, 53, 54, 58, 60]"
98,"[62, 54, 43, 14, 61, 0, 42, 40, 15, 12, 50, 30, 29, 47, 37, 27, 20, 33, 7, 38, 2, 5, 53, 60, 11, 16, 35, 25, 6, 21, 55, 17]","[38, 7, 54, 31, 47, 28, 34, 8, 12, 20, 3, 63, 0, 52, 36, 55, 60, 25, 17, 15, 13, 46, 33, 56, 26, 11, 14, 16, 40, 4, 37, 45]","[0, 7, 11, 12, 14, 15, 16, 17, 20, 25, 33, 37, 38, 40, 47, 54, 55, 60]"
99,"[2, 41, 3, 17, 26, 4, 9, 58, 7, 42, 49, 21, 55, 40, 53, 8, 50, 18, 29, 0, 13, 44, 63, 5, 39, 48, 24, 36, 47, 54, 19, 38]","[10, 45, 1, 18, 8, 0, 16, 15, 55, 39, 25, 6, 61, 14, 3, 34, 49, 51, 43, 46, 36, 33, 28, 57, 52, 12, 9, 35, 23, 42, 11, 31]","[0, 3, 8, 9, 18, 36, 39, 42, 49, 55]"
